Virksomhet
3b-fibreglass norway3b-fibreglass norway
7 steel nordic (tidl. celsa armeringsstål)7 steel nordic (tidl. celsa armeringsstål)
A. johansen asA. johansen as
Addcon nordicAddcon nordic
Adesso bioproductsAdesso bioproducts
Af offshore decom miljøbase vatsAf offshore decom miljøbase vats
"Aker solutions as, lokasjon stord (demolering)Aker solutions as, lokasjon stord (demolering)"
Alcoa listaAlcoa lista
Alcoa norway as mosjøenAlcoa norway as mosjøen
Alfaset krematoriumAlfaset krematorium
Algea asAlgea as
Algea as - tangforedlingsfabrikkAlgea as - tangforedlingsfabrikk
Allnex norway asAllnex norway as
Alloc asAlloc as
Allum elgbaneAllum elgbane
Alsvåg lakseslakteriAlsvåg lakseslakteri
Alta lufthavnAlta lufthavn
Aludyne norwayAludyne norway
Alvdal skurlagAlvdal skurlag
Amalie skram  videregående skole og helleren svømmehallAmalie skram  videregående skole og helleren svømmehall
Amsrud pukkverk maskinserviceAmsrud pukkverk maskinservice
Andenes fiskemottak asAndenes fiskemottak as
Andsvatn reinslakteri susAndsvatn reinslakteri sus
Andøya flystasjonAndøya flystasjon
Andøya space defenceAndøya space defence
Angråmyra riflebaneAngråmyra riflebane
Anlegg for forbrenningsforsøk ved råde mølleAnlegg for forbrenningsforsøk ved råde mølle
Anlegg for mottak og behandling av asfalt og betong i klæbuAnlegg for mottak og behandling av asfalt og betong i klæbu
Anleggsvirksomhet tunnelarbeider soknedalAnleggsvirksomhet tunnelarbeider soknedal
Arba one as på matrand i eidskog kommuneArba one as på matrand i eidskog kommune
Arbor as avd hattfjelldalArbor as avd hattfjelldal
Arcos as havarivernsenterArcos as havarivernsenter
Arctic autorent - bilvaskehallen (tidl. svalbard motor)Arctic autorent - bilvaskehallen (tidl. svalbard motor)
Arctic husky travellersArctic husky travellers
Arendal lufthavn gullknappArendal lufthavn gullknapp
Arendals bryggeri asArendals bryggeri as
Arnøy laks slakteriArnøy laks slakteri
Art nor potetindustriArt nor potetindustri
As gleaAs glea
Asfalt sør as - asfaltverk opofteAsfalt sør as - asfaltverk opofte
Asfaltfabrikken as amsrudAsfaltfabrikken as amsrud
Asfaltverk - veidekke industri avd. bardufossAsfaltverk - veidekke industri avd. bardufoss
Asfaltverk ottersboAsfaltverk ottersbo
Asfaltverk sandbumoen otta - stian brendenAsfaltverk sandbumoen otta - stian brenden
Asfaltverk skattøra tromsøAsfaltverk skattøra tromsø
Asfaltverk søra kalbergAsfaltverk søra kalberg
"Asfaltverk, harstadAsfaltverk, harstad"
Aunsjøen pukkverkAunsjøen pukkverk
Austevoll vassverkAustevoll vassverk
Automester svalbardAutomester svalbard
Avinor as avd ørsta/volda lufthavnAvinor as avd ørsta/volda lufthavn
Avinor as avd. svalbard lufthavn longyear - tanklagringAvinor as avd. svalbard lufthavn longyear - tanklagring
"Avinor as, avd førde lufthamn, bringelandAvinor as, avd førde lufthamn, bringeland"
"Avinor as, avd. florø lufthamnAvinor as, avd. florø lufthamn"
"Avinor as, avd. sandane lufthamnAvinor as, avd. sandane lufthamn"
"Avinor as, avd. sogndal lufthamnAvinor as, avd. sogndal lufthamn"
Avinor avd. kristiansand lufthavn kjevikAvinor avd. kristiansand lufthavn kjevik
Avinor avd. oslo lufthavn gardermoenAvinor avd. oslo lufthavn gardermoen
B. hansen renovasjon as - behandling av farlig avfallB. hansen renovasjon as - behandling av farlig avfall
Bakkland transport  pukkverkBakkland transport  pukkverk
Balhald steinbruddBalhald steinbrudd
Bama industri avd mossBama industri avd moss
Banak flystasjonBanak flystasjon
Bandak nct  asBandak nct  as
Bangsund riflebanerBangsund riflebaner
Bardufoss flystasjonBardufoss flystasjon
Basf as sandefjordBasf as sandefjord
Bassebo steinbruddBassebo steinbrudd
Be varmeBe varme
BekkestutunnelenBekkestutunnelen
Bensvik fiskekjøp ansBensvik fiskekjøp ans
Benteler automotive raufossBenteler automotive raufoss
"Beredskapskjel, lillehammer sykehusBeredskapskjel, lillehammer sykehus"
Berendsen tekstil service as avd. bergenBerendsen tekstil service as avd. bergen
Berendsen tekstilserviceBerendsen tekstilservice
Berg lipidtech asBerg lipidtech as
Bergan steinbruddBergan steinbrudd
Bergen eloksal asBergen eloksal as
Bergen engines foundryBergen engines foundry
Bergen lufthavn fleslandBergen lufthavn flesland
Bergene holm as avd. nidarå - åmliBergene holm as avd. nidarå - åmli
Bergene holm as avdeling haslestadBergene holm as avdeling haslestad
"Bergene holm as, avd. larvikBergene holm as, avd. larvik"
Bergmesteren raudsand as - sorteringsanlegg for bunnaskeBergmesteren raudsand as - sorteringsanlegg for bunnaske
Bergåstunnelen e6Bergåstunnelen e6
Berika as avd. røra - kyllingslakteriBerika as avd. røra - kyllingslakteri
Berivest asBerivest as
Berlevåg lufthavnBerlevåg lufthavn
Betker as - produksjon av ildfaste produkterBetker as - produksjon av ildfaste produkter
BeyonderBeyonder
Bia miljø asBia miljø as
Bim norway asBim norway as
Bio3 asBio3 as
Biogassanlegg grødaland - forbrenningsdelBiogassanlegg grødaland - forbrenningsdel
"Biomar fôrfabrikk, karmøyBiomar fôrfabrikk, karmøy"
"Biomar fôrfabrikk, myreBiomar fôrfabrikk, myre"
Biomega norway  asBiomega norway  as
Biosirk as avd. balsfjordBiosirk as avd. balsfjord
Biosirk norge as avd grødalandBiosirk norge as avd grødaland
Biosirk norge as avd. mosvikBiosirk norge as avd. mosvik
"Biosirk norge as, avd. trehørningen, hamarBiosirk norge as, avd. trehørningen, hamar"
Biproduktanlegget på kverva - laks - nutrimar asBiproduktanlegget på kverva - laks - nutrimar as
Bir ressurs asBir ressurs as
Bjarkøy pukkverk yitBjarkøy pukkverk yit
Bjelland - knuseverk skurve nordBjelland - knuseverk skurve nord
Bjørkedalen riflebanerBjørkedalen riflebaner
Bjørndalen pukkverk asBjørndalen pukkverk as
BjørnegårdtunnelenBjørnegårdtunnelen
"Bjørnøya, tankanlegg - helikopterBjørnøya, tankanlegg - helikopter"
Blikshavn riflebanerBlikshavn riflebaner
BlindevannverketBlindevannverket
Blomjoten masseuttak-harstad maskinBlomjoten masseuttak-harstad maskin
Bodø hovedflystasjonBodø hovedflystasjon
Bodø hovedflystasjon - brannøvingsplassBodø hovedflystasjon - brannøvingsplass
Bodø lufthavnBodø lufthavn
Boliden oddaBoliden odda
Bonden grønthandelBonden grønthandel
Bonnåtunellen - drens-/vaskevannBonnåtunellen - drens-/vaskevann
Borregaard avd. spesialcelluloseBorregaard avd. spesialcellulose
Borstrandi riflebanerBorstrandi riflebaner
Botnhågen avfallsforbrenningsanleggBotnhågen avfallsforbrenningsanlegg
Bottum grustakBottum grustak
Brandbu vannbehandlingsanleggBrandbu vannbehandlingsanlegg
"Brann- og redningsskolen, fjelldalBrann- og redningsskolen, fjelldal"
Brannøving avinor kirkenes lufthavnBrannøving avinor kirkenes lufthavn
Brannøvingsanlegg for lillehammer region brannvesenBrannøvingsanlegg for lillehammer region brannvesen
Brannøvingsområde årødalen - molde brann og redningBrannøvingsområde årødalen - molde brann og redning
Brannøvingsplass lakselv lufthavn banakBrannøvingsplass lakselv lufthavn banak
Brannøvingsplass lenvik kommuneBrannøvingsplass lenvik kommune
Brattås skrotsteindeponiBrattås skrotsteindeponi
Brattåsen rifle- og leirduebanerBrattåsen rifle- og leirduebaner
Brekke stenbruddBrekke stenbrudd
Bremanger quarry as - dyrstadBremanger quarry as - dyrstad
Brunstad asBrunstad as
Brødr. sunde avd. ålesundBrødr. sunde avd. ålesund
Brønnøy kalk a.sBrønnøy kalk a.s
Brønnøysund lufthavn brønnøyBrønnøysund lufthavn brønnøy
Brøtaskogen massemottak og deponiBrøtaskogen massemottak og deponi
Budal riflebanerBudal riflebaner
Building material corporation asBuilding material corporation as
Båtsfjord lufthavnBåtsfjord lufthavn
Calanus as - holmen industriområdeCalanus as - holmen industriområde
Carboline norge asCarboline norge as
Carbon centric  asCarbon centric  as
Ccb as basedrift ågotnesCcb as basedrift ågotnes
Cermaq norway as avd. slakteri steigenCermaq norway as avd. slakteri steigen
"Chemring nobel as, high energy materialsChemring nobel as, high energy materials"
"Chitinor as, tromsøChitinor as, tromsø"
"Circle k norge as, gangsåstank tankanleggCircle k norge as, gangsåstank tankanlegg"
Co2 technology centre mongstadCo2 technology centre mongstad
Coca-cola  robsrudCoca-cola  robsrud
Cruda as - pyrolyseanleggCruda as - pyrolyseanlegg
"Curida as, elverum (farmasøytisk prod.)Curida as, elverum (farmasøytisk prod.)"
Dalen sandtakDalen sandtak
Dalir kjøtt asDalir kjøtt as
Dalpro as - slakting av villsau og hjortDalpro as - slakting av villsau og hjort
Daltveit vassbehandlingsanleggDaltveit vassbehandlingsanlegg
Damsgårdtunell tunnelvaskevann lyngbøvannetDamsgårdtunell tunnelvaskevann lyngbøvannet
Damsgårdtunnelen tunnelvaksevann puddefjordenDamsgårdtunnelen tunnelvaksevann puddefjorden
"Dc halsvik aggregates as, sløvågDc halsvik aggregates as, sløvåg"
Dc seljestokken aggregates asDc seljestokken aggregates as
Den stolte hane - foredlingsanlegg i kviamarkaDen stolte hane - foredlingsanlegg i kviamarka
DenofaDenofa
Diplom-is avd produksjon gjelleråsenDiplom-is avd produksjon gjelleråsen
Disponering av fyllitt - anleggsprosjekter i kommunenDisponering av fyllitt - anleggsprosjekter i kommunen
"Distrikt 37, skarfvaggi - feltslakteri for reinDistrikt 37, skarfvaggi - feltslakteri for rein"
Dokka fasteners asDokka fasteners as
Doneheia/jåbekk industriområdeDoneheia/jåbekk industriområde
Dot duozink  asDot duozink  as
Drammen krematoriumDrammen krematorium
"Drens- og vaskevann, bytunnelene på tromsøyaDrens- og vaskevann, bytunnelene på tromsøya"
Drevjamoen skyte- og øvingsfeltDrevjamoen skyte- og øvingsfelt
Drifsfase e134 røldal-seljestad tunnelDrifsfase e134 røldal-seljestad tunnel
Driftsutslipp ivar hovedvannledning vestDriftsutslipp ivar hovedvannledning vest
Dullum slakteri asDullum slakteri as
Dupont nutrition norge as (tidligere fmc)Dupont nutrition norge as (tidligere fmc)
Dynea lillestrømDynea lillestrøm
E 18 bambletunnelen - utslipp fra renseanlegg for vaskevann driftsfaseE 18 bambletunnelen - utslipp fra renseanlegg for vaskevann driftsfase
E. c. dahls bryggeriE. c. dahls bryggeri
E10 hålogalandsvegen tunneler (n fylke)E10 hålogalandsvegen tunneler (n fylke)
E10 hålogalandsvegen tunneler (tf fylke)E10 hålogalandsvegen tunneler (tf fylke)
E16 bagnskleivtunnelen (klossbøle)E16 bagnskleivtunnelen (klossbøle)
E16 bjørum -skaret- driftsfase- utslipp av overvann fra veiE16 bjørum -skaret- driftsfase- utslipp av overvann fra vei
E16 hugaviktunnelen (kvamskleiva)E16 hugaviktunnelen (kvamskleiva)
E16 kvamskleivaE16 kvamskleiva
"E18 fosskolltunnelen, statens vegvesenE18 fosskolltunnelen, statens vegvesen"
E18 lysaker til ramstadsletta - tunnelvaskevann og overvann fra vegE18 lysaker til ramstadsletta - tunnelvaskevann og overvann fra veg
E6 kulstaddalen - åkvikE6 kulstaddalen - åkvik
"E6 skarpsnotunnelen, vaskevannE6 skarpsnotunnelen, vaskevann"
Egersund graniteEgersund granite
Eide brandasund as avd. brandasundEide brandasund as avd. brandasund
Eidsiva bioenergi as - kongsvinger vingersjøvegenEidsiva bioenergi as - kongsvinger vingersjøvegen
"Eidsiva bioenergi as, avd. ingeberg trehørningen energisentralEidsiva bioenergi as, avd. ingeberg trehørningen energisentral"
"Eidsiva bioenergi as, avdeling gjøvikEidsiva bioenergi as, avdeling gjøvik"
"Eidsiva bioenergi avd. børstad, hamarEidsiva bioenergi avd. børstad, hamar"
Eidsiva bioenergi avd. elverumEidsiva bioenergi avd. elverum
Eikefjord vassverkEikefjord vassverk
Eikås motorsenterEikås motorsenter
Einar øgrey industrisand asEinar øgrey industrisand as
Ekeberg oljelagerEkeberg oljelager
Ekeberg tankEkeberg tank
Ekornes as avd tynesEkornes as avd tynes
Elkem bjølvefossenElkem bjølvefossen
Elkem bremangerElkem bremanger
Elkem carbonElkem carbon
Elkem ranaElkem rana
Elkem saltenElkem salten
Elkem tanaElkem tana
Elkem testvirksomhet asElkem testvirksomhet as
Elkem testvirksomhet as avd. kristiansandElkem testvirksomhet as avd. kristiansand
Elkem thamshavnElkem thamshavn
Ellingsen seafood as lakseslakteriEllingsen seafood as lakseslakteri
Elvedalen motor- og aktivitetssenterElvedalen motor- og aktivitetssenter
Engebø rutile and garnetEngebø rutile and garnet
"Epax  norway as, avd ålesundEpax  norway as, avd ålesund"
Eramet norway as porsgrunnEramet norway as porsgrunn
Eramet norway kvinesdalEramet norway kvinesdal
Eramet norway saudaEramet norway sauda
Espeland vannbehandlingsanleggEspeland vannbehandlingsanlegg
Esso norge slagentangenEsso norge slagentangen
"Esso norge, høvringen tankanleggEsso norge, høvringen tankanlegg"
Etnedal riflebaneEtnedal riflebane
Evanger pølsefabrikkEvanger pølsefabrikk
Everzinc norwayEverzinc norway
Ewos as avd. florøEwos as avd. florø
"Ewos fôrfabrikk, balsfjordEwos fôrfabrikk, balsfjord"
"Ewos fôrfabrikk, meløyEwos fôrfabrikk, meløy"
Fagervika tankanleggFagervika tankanlegg
Falken riflebanerFalken riflebaner
Fatland jærenFatland jæren
Fatland osloFatland oslo
Fatland ølen - slakteriFatland ølen - slakteri
Felleskjøpet agri fabrikk nedre ila trondheimFelleskjøpet agri fabrikk nedre ila trondheim
Felleskjøpet kambo 1500 fabrikkFelleskjøpet kambo 1500 fabrikk
Felleskjøpet modumFelleskjøpet modum
Felleskjøpet rogaland agderFelleskjøpet rogaland agder
Felleskjøpet stange 4500 fabrikkFelleskjøpet stange 4500 fabrikk
Felleskjøpet steinkjerFelleskjøpet steinkjer
Ferroglobe mangan norgeFerroglobe mangan norge
Ferrozink trondheim asFerrozink trondheim as
FestningstunnelenFestningstunnelen
Fiberprodukt a.sFiberprodukt a.s
Fibo as (fibo trespo lyngdal  fmva)Fibo as (fibo trespo lyngdal  fmva)
Figgjo - keramiske produkter produksjonFiggjo - keramiske produkter produksjon
Filefjelltunnelen v/tyinkrysset (vaskevann)Filefjelltunnelen v/tyinkrysset (vaskevann)
Findus avd. larvikFindus avd. larvik
Findus avd. tønsbergFindus avd. tønsberg
FinnfjordFinnfjord
Finnvika brannøvingsanleggFinnvika brannøvingsanlegg
Finny sirevaag asFinny sirevaag as
Firmenich bjørge biomarin asFirmenich bjørge biomarin as
First seafood asFirst seafood as
Fiskå mølle flisa asFiskå mølle flisa as
"Fiskå mølle, strandFiskå mølle, strand"
Fiven norge avd. eydehavnFiven norge avd. eydehavn
Fjell skytebaneFjell skytebane
Fjellhaller risavikaFjellhaller risavika
FjordkjøkkenFjordkjøkken
"Fjordlaks as, klippfiskproduksjonFjordlaks as, klippfiskproduksjon"
"Flakstadvåg laks as, lakseslakteriFlakstadvåg laks as, lakseslakteri"
Florø brannvesen - brannøvingsfeltFlorø brannvesen - brannøvingsfelt
Fluorsid noralf asFluorsid noralf as
Follebu bruk asFollebu bruk as
Follum forbrenningsanleggFollum forbrenningsanlegg
"Forestia  as, braskereidfossForestia  as, braskereidfoss"
Forevatnet vasseverkForevatnet vasseverk
ForforedlingForforedling
Forset grus asForset grus as
Forsvarets operative hovedkontorForsvarets operative hovedkontor
Forsvarsbygg  heggeliaForsvarsbygg  heggelia
"Forsvarsbygg, moss lufthavn ryggeForsvarsbygg, moss lufthavn rygge"
Fortuna oils asFortuna oils as
Forus energigjenvinning - linje 1 og 2Forus energigjenvinning - linje 1 og 2
Fosen gjenvinning - skipsopphugging - returmetaller - fritidsbåterFosen gjenvinning - skipsopphugging - returmetaller - fritidsbåter
Fosnavaag pelagic asFosnavaag pelagic as
Fossberga pukkverkFossberga pukkverk
Framo flatøy asFramo flatøy as
Framo fusa asFramo fusa as
Framo holsnøy asFramo holsnøy as
Framruste steintipp knuseverkFramruste steintipp knuseverk
Franskleiv skiskytteranleggFranskleiv skiskytteranlegg
Franzefoss gjenvinning husøyaFranzefoss gjenvinning husøya
"Franzefoss gjenvinning, eideFranzefoss gjenvinning, eide"
Franzefoss minerals as - miljøkalkFranzefoss minerals as - miljøkalk
Franzefoss pukk avd. bondkallFranzefoss pukk avd. bondkall
"Franzefoss pukk avd. lyngås,  lierFranzefoss pukk avd. lyngås,  lier"
"Franzefoss pukk, avd. steinskogenFranzefoss pukk, avd. steinskogen"
Fredø elg- og riflebaneFredø elg- og riflebane
Frekhaug stål a.sFrekhaug stål a.s
Frevar - forbrenningsanleggetFrevar - forbrenningsanlegget
Freyr - pilotFreyr - pilot
Frigård skytebaneFrigård skytebane
Frustøl as - pukkverkFrustøl as - pukkverk
Fuglehaugen motorsenterFuglehaugen motorsenter
Furnes jernstøperi avd. furnesFurnes jernstøperi avd. furnes
Furumoen tunnelFurumoen tunnel
Furuseth avd. slakteriFuruseth avd. slakteri
Fyresdal riflebanerFyresdal riflebaner
Førde vassverkFørde vassverk
G3 gausdal treindustrier gausdal treforedlingG3 gausdal treindustrier gausdal treforedling
Gassco as kollsnes prosessanleggGassco as kollsnes prosessanlegg
Gassco as kårstø prosessanleggGassco as kårstø prosessanlegg
Gc rieber vivomega asGc rieber vivomega as
Ge healthcareGe healthcare
Ge healthcare lindesnesGe healthcare lindesnes
Gjerberg gårdGjerberg gård
GjøcoGjøco
Gjølme pukkverkGjølme pukkverk
Gjøvik krematoriumGjøvik krematorium
Glasopor asGlasopor as
Glasopor avd fredrikstadGlasopor avd fredrikstad
Glasskartunnelen renset tunnelvaskevannGlasskartunnelen renset tunnelvaskevann
Glava askimGlava askim
Glava stjørdalGlava stjørdal
Glencore nikkelverkGlencore nikkelverk
Global florø gunnhildvågenGlobal florø gunnhildvågen
"Glomma papp, sarpsborgGlomma papp, sarpsborg"
Granberg garveri asGranberg garveri as
GranfosstunnelenGranfosstunnelen
Grans bryggeri asGrans bryggeri as
Gratangen riflebaneGratangen riflebane
Green yard feda - opphugging av skip og riggGreen yard feda - opphugging av skip og rigg
Green yard kleven asGreen yard kleven as
Grieg seafood rogaland avd. stjernelaks.Grieg seafood rogaland avd. stjernelaks.
Grilstad as avd brumunddalGrilstad as avd brumunddal
Grilstad trondheimGrilstad trondheim
"Grinda asfaltverk, stasjonærtGrinda asfaltverk, stasjonært"
Grinna riflebaneGrinna riflebane
GruvelageretGruvelageret
Grønseth maskin asGrønseth maskin as
Gudbrandsdalens uldvarefabrik a.sGudbrandsdalens uldvarefabrik a.s
Gundersen galvano - sarpsborgGundersen galvano - sarpsborg
Gunnar klo as avd. støGunnar klo as avd. stø
GyltviktunnelenGyltviktunnelen
Gyproc a.sGyproc a.s
Gåsbu elg- og lerduebaneGåsbu elg- og lerduebane
H. a. hansen a.sH. a. hansen a.s
Hadeland glassverk a.sHadeland glassverk a.s
Hafsil asHafsil as
Hafslund celsio as avd klemetsrudveienHafslund celsio as avd klemetsrudveien
Hallingdal renovasjon iks - kleivi hovedanleggHallingdal renovasjon iks - kleivi hovedanlegg
"Hamar pukk og grus as, bjørgedalen vang grustakHamar pukk og grus as, bjørgedalen vang grustak"
"Hamar pukk og grus, brynsåsen steinindustriHamar pukk og grus, brynsåsen steinindustri"
Hammerfall dolomittHammerfall dolomitt
Hammerfest lngHammerfest lng
Hammerfest lufthavnHammerfest lufthavn
Hammerstrand mølleHammerstrand mølle
"Hansa borg bryggerier, kokstadHansa borg bryggerier, kokstad"
"Hansa borg bryggerier, sarpsborgHansa borg bryggerier, sarpsborg"
Haraldrud energigjenvinningsanleggHaraldrud energigjenvinningsanlegg
Haraldrud varmesentral (hafslund celsio as)Haraldrud varmesentral (hafslund celsio as)
Hardanger fiskeforedling asHardanger fiskeforedling as
"Harsco metals norway as, ranaHarsco metals norway as, rana"
Harstad/narvik lufthavn evenesHarstad/narvik lufthavn evenes
Haslum krematoriumHaslum krematorium
Hasvik lufthavnHasvik lufthavn
Haugafossen kraftverk - bygging - hardanger energi asHaugafossen kraftverk - bygging - hardanger energi as
Haugaland interkommunale miljøverk -  behandling av farlig avfallHaugaland interkommunale miljøverk -  behandling av farlig avfall
Haugaland motorsenterHaugaland motorsenter
Haugesund lufthavnHaugesund lufthavn
Hauskje vassverkHauskje vassverk
Hav line - slakteskipet norwegian gannetHav line - slakteskipet norwegian gannet
Hbc berkåk as -Hbc berkåk as -
Heidelberg materials betong norge as avd hortenHeidelberg materials betong norge as avd horten
Heidelberg materials betong norge as avd larvikHeidelberg materials betong norge as avd larvik
Heidelberg materials betong norge as avd tønsbergHeidelberg materials betong norge as avd tønsberg
Heidelberg materials brevik sementfabrikkHeidelberg materials brevik sementfabrikk
Heidelberg materials kjøpsvik sementfabrikkHeidelberg materials kjøpsvik sementfabrikk
Heidelberg materials miljø as avd. aurskogHeidelberg materials miljø as avd. aurskog
Heidelberg materials miljø as avd. brevikHeidelberg materials miljø as avd. brevik
Heidelberg materials tilslag norge avd røynebergHeidelberg materials tilslag norge avd røyneberg
Heistadmoen skyte- og øvingsfeltHeistadmoen skyte- og øvingsfelt
Helikopterlandingsplass store bognøy haakonsvernHelikopterlandingsplass store bognøy haakonsvern
Hellefoss paperHellefoss paper
Hellik teigen avd. hokksund - fragmenteringHellik teigen avd. hokksund - fragmentering
Hellik teigen avd. lierstrandaHellik teigen avd. lierstranda
Hello pukkverk - frøseth asHello pukkverk - frøseth as
Hembre grustakHembre grustak
Hengsvann skyte- og øvingsfeltHengsvann skyte- og øvingsfelt
Hennig-olsen is asHennig-olsen is as
Hermod teigen avd foss-eikelandHermod teigen avd foss-eikeland
Hermod teigen avd harestadvikaHermod teigen avd harestadvika
Hermod teigen avd tauHermod teigen avd tau
Hermod teigen avd. egersund - fragmenteringsanleggHermod teigen avd. egersund - fragmenteringsanlegg
Hermod teigen risavikaHermod teigen risavika
Herøya industriparkHerøya industripark
HestnestunnelenHestnestunnelen
Hias vannbehandlingsanleggHias vannbehandlingsanlegg
Hillesvåg ullvarefabrikk a.sHillesvåg ullvarefabrikk a.s
Himberg pukkverkHimberg pukkverk
Hindalsrøra vannbehandlingHindalsrøra vannbehandling
HinnøybilenHinnøybilen
Hitra pukkverkHitra pukkverk
Hitramat  asHitramat  as
Hjelset vannbehandlingsanleggHjelset vannbehandlingsanlegg
Hodalen riflebaneHodalen riflebane
Hoff avd jærenHoff avd jæren
Hoff avd sundnes brenneriHoff avd sundnes brenneri
Hoff sa avd gjøvikHoff sa avd gjøvik
"Hoff sa, avd. brumunddalHoff sa, avd. brumunddal"
Hoff varmesentralHoff varmesentral
Hofseth aqua as avd 35 ålesund oljefabrikkHofseth aqua as avd 35 ålesund oljefabrikk
Hofseth biocare as avd midsundHofseth biocare as avd midsund
"Hokksund pukkverk, hønerudåsen/ stensetHokksund pukkverk, hønerudåsen/ stenset"
Hole kalkverkHole kalkverk
Holmøy lakseslakteriHolmøy lakseslakteri
Homlagarden as - fjørfeslakteriHomlagarden as - fjørfeslakteri
Honningsvåg lufthavnHonningsvåg lufthavn
Hopen fisk asHopen fisk as
"Hopen, tankanlegg - helikopterHopen, tankanlegg - helikopter"
Horns slakteri a.sHorns slakteri a.s
Hotran steinbruddHotran steinbrudd
Hovden fiskeindustri asHovden fiskeindustri as
Hp halden pharma (tidl fresenius kabi norge)Hp halden pharma (tidl fresenius kabi norge)
Hunton fiber as - trefiberplatefabrikken gjøvikHunton fiber as - trefiberplatefabrikken gjøvik
Hunton fiber as isolasjonsfabrikken skjerven skogHunton fiber as isolasjonsfabrikken skjerven skog
HuntonitHuntonit
"Hvebergsmoen potetpakkeri a.s, grinderHvebergsmoen potetpakkeri a.s, grinder"
Hydro aluminium as høyanger recycling casthouseHydro aluminium as høyanger recycling casthouse
Hydro aluminium husnesHydro aluminium husnes
Hydro aluminium høyangerHydro aluminium høyanger
Hydro aluminium karmøyHydro aluminium karmøy
Hydro aluminium sunndalHydro aluminium sunndal
Hydro aluminium årdal karbonHydro aluminium årdal karbon
Hydro aluminium årdal metallverkHydro aluminium årdal metallverk
Hydro extrusion norway  magnor  før sapaHydro extrusion norway  magnor  før sapa
Hydro vigelands brugHydro vigelands brug
Høilo pukkverkHøilo pukkverk
Hønefoss asfaltfabrikk - kilemoenHønefoss asfaltfabrikk - kilemoen
Høysand grustakHøysand grustak
Håkestad steinbruddHåkestad steinbrudd
Haakonsvern tørrdokkHaakonsvern tørrdokk
Håland høydebassengHåland høydebasseng
Hålogaland vaskeriHålogaland vaskeri
Håsken gokartHåsken gokart
Ibestad skipshugging og sanering asIbestad skipshugging og sanering as
If sikkerhetssenterIf sikkerhetssenter
Illhøllitunnelen drens/vaskevannIllhøllitunnelen drens/vaskevann
Inderøy slakteriInderøy slakteri
"Indus kjemisk teknisk fabrikk mottak, lagring og beha av farlig avfallIndus kjemisk teknisk fabrikk mottak, lagring og beha av farlig avfall"
Ineos bambleIneos bamble
Ineos rafnesIneos rafnes
"Ineos tyssedal as, avdeling titanslaggIneos tyssedal as, avdeling titanslagg"
Innovamar - slakteri og fiskeforedling - kvervaInnovamar - slakteri og fiskeforedling - kverva
Innovanor lakseslakteri salmarInnovanor lakseslakteri salmar
Inntre kjeldstad - selbu - selbu byggtre asInntre kjeldstad - selbu - selbu byggtre as
Innvik sellgren avd. innvikInnvik sellgren avd. innvik
Inovyn norge avd. pvc-fabrikk porsgrunnInovyn norge avd. pvc-fabrikk porsgrunn
Inovyn norge avd. rafnesInovyn norge avd. rafnes
Inrigo asInrigo as
Isola as - eidangerIsola as - eidanger
J e ekornes  - forbrenningsanlegg på ikornnesJ e ekornes  - forbrenningsanlegg på ikornnes
J e ekornes as avd aureJ e ekornes as avd aure
J. m. nilsen fisk as avd nordmelaJ. m. nilsen fisk as avd nordmela
J. m. nilsen fisk as avdeling andenesJ. m. nilsen fisk as avdeling andenes
Jackon oltedalJackon oltedal
Jahrestranda næringspark asJahrestranda næringspark as
Jangaard export as avd sjøanlegget andenesJangaard export as avd sjøanlegget andenes
Jangaard export as avd. framnesJangaard export as avd. framnes
Jangaard export as avd. stamsundJangaard export as avd. stamsund
Jankos mekaniske - syrebeising og forbehandlingJankos mekaniske - syrebeising og forbehandling
Janusfabrikken asJanusfabrikken as
Jens eide as - slakteriJens eide as - slakteri
John greger asJohn greger as
Johs lundal & sønnerJohs lundal & sønner
Jonahola riflebanerJonahola riflebaner
Jotun gimleJotun gimle
Jotun vindalJotun vindal
Jule industriområdeJule industriområde
Juptjenn vannverk asJuptjenn vannverk as
Jøsnøya - lakseslakteri - lerøy midt asJøsnøya - lakseslakteri - lerøy midt as
Jøtul asJøtul as
Kappa bioscience asKappa bioscience as
Karmsund proteinKarmsund protein
Kd norway as tidl marine ingredients asKd norway as tidl marine ingredients as
Kemira chemicals asKemira chemicals as
King oscar as avd. svolværKing oscar as avd. svolvær
Kings bay as - tanklagringKings bay as - tanklagring
Kings broilerKings broiler
Kirkebygden og ytre enebakk vannverkKirkebygden og ytre enebakk vannverk
Kirkelandet kapell - kristiansund krematoriumKirkelandet kapell - kristiansund krematorium
"Kirkenes lufthavn, høybuktmoenKirkenes lufthavn, høybuktmoen"
Kirkenes processing - lakseslakteriKirkenes processing - lakseslakteri
Kjeller flystasjonKjeller flystasjon
Kjellmi as - vaskehall for tankbilerKjellmi as - vaskehall for tankbiler
Kjennskogen steinbruddKjennskogen steinbrudd
Klinga riflebaneKlinga riflebane
Klodeborg pukkverkKlodeborg pukkverk
Klåstad steinbruddKlåstad steinbrudd
Kna raceway motorsenterKna raceway motorsenter
Knapphus pukkverkKnapphus pukkverk
Knaskerøtter asKnaskerøtter as
Kobbesgate 14 - utslipp av overvann fra oljeutskiller til havnebassengKobbesgate 14 - utslipp av overvann fra oljeutskiller til havnebasseng
Kongsberg automotive avd. hvittingfossKongsberg automotive avd. hvittingfoss
Kongsberg satellite services as avd. svalbard ksat - mdir tanklagringKongsberg satellite services as avd. svalbard ksat - mdir tanklagring
Kongsvinger betong datter as betongstasjon skien - alltid betong asKongsvinger betong datter as betongstasjon skien - alltid betong as
Krabyskogen motorsenterKrabyskogen motorsenter
"Kristiansund lufthavn, kvernbergetKristiansund lufthavn, kvernberget"
Kronos titanKronos titan
Krukåsen steinbruddKrukåsen steinbrudd
Krystal asKrystal as
"Kullerud gård, fjørfeoppdrettKullerud gård, fjørfeoppdrett"
Kuøya iiKuøya ii
Kvamskogen vassbehandlingsanleggKvamskogen vassbehandlingsanlegg
Kvitebjørn varme avfallsforbrenningsanlegg skattøraKvitebjørn varme avfallsforbrenningsanlegg skattøra
Kvænangsfjelltunnelen-driftKvænangsfjelltunnelen-drift
Kymera international (tidl. fiven norge) avd. lillesandKymera international (tidl. fiven norge) avd. lillesand
"Lakselv lufthavn, banakLakselv lufthavn, banak"
Lakseslakteri cermaq norway avd. rypefjordLakseslakteri cermaq norway avd. rypefjord
Lakseslakteriet på kråkøyLakseslakteriet på kråkøy
Langevatn vannbehandlingsanleggLangevatn vannbehandlingsanlegg
LangnesetLangneset
Lars selheim gårdsslakteri vossLars selheim gårdsslakteri voss
Larvik brann og redningLarvik brann og redning
Larvik impregneringskompani asLarvik impregneringskompani as
Laugslet grustakLaugslet grustak
Lauvåsen steinbruddLauvåsen steinbrudd
Leca rælingenLeca rælingen
Leirduebane på heggenesLeirduebane på heggenes
Leknes lufthavnLeknes lufthavn
Leksdal skyte- og øvingsfeltLeksdal skyte- og øvingsfelt
Lensmyra renseanleggLensmyra renseanlegg
Lerstadtunellen - statens vegvesenLerstadtunellen - statens vegvesen
"Lerøy aurora lakseslakteri, skjervøyLerøy aurora lakseslakteri, skjervøy"
Lerøy austevoll asLerøy austevoll as
Lesja riflebanerLesja riflebaner
Lia pukkverk - franzefoss pukk asLia pukkverk - franzefoss pukk as
Lierskogen asfaltfabrikkLierskogen asfaltfabrikk
Lieslia skyte- og øvingsfeltLieslia skyte- og øvingsfelt
Life technologiesLife technologies
Liholmen produksjon asLiholmen produksjon as
Lilleeide riflebaneLilleeide riflebane
"Lillehammer vannverk, hovemoenLillehammer vannverk, hovemoen"
Lillomarka arenaLillomarka arena
LkabLkab
Lns spitsbergen - tankanlegg longyeatbyenLns spitsbergen - tankanlegg longyeatbyen
Lofoten biomarine asLofoten biomarine as
Lofoten sjøprodukter as - slakteri mortsundLofoten sjøprodukter as - slakteri mortsund
"Lofoten viking as, værøyLofoten viking as, værøy"
Longyearbyen lokalstyre - brannvesen - brannøvingsfeltLongyearbyen lokalstyre - brannvesen - brannøvingsfelt
Longyearbyen lokalstyre - dyrekrematoriumLongyearbyen lokalstyre - dyrekrematorium
Lora riflebanerLora riflebaner
Lundstad grønt as (ø. toten)Lundstad grønt as (ø. toten)
Lutelandet offshore asLutelandet offshore as
Lyngen plastLyngen plast
Lyngmyr riflebaneLyngmyr riflebane
Lyse neo asLyse neo as
Lyse neo as avd. fjernvarmeLyse neo as avd. fjernvarme
Løgavlen  dolomittbruddLøgavlen  dolomittbrudd
Løvenskiold riflebanerLøvenskiold riflebaner
Lågen gulrot  asLågen gulrot  as
Lågen potetpakkeri asLågen potetpakkeri as
Mack renseanleggMack renseanlegg
Macks ølbryggeri asMacks ølbryggeri as
Malerød steinbruddMalerød steinbrudd
Mandal castings asMandal castings as
Marine supply as tromsøysundetMarine supply as tromsøysundet
Martin e birknes eftf - lakseslakteri byrknesMartin e birknes eftf - lakseslakteri byrknes
Matforedling - edelgard asMatforedling - edelgard as
Mauken-blåtind skyte- og øvingsfeltMauken-blåtind skyte- og øvingsfelt
Mbp bio production - biofuel tankanleggMbp bio production - biofuel tankanlegg
MegårdskolltunnelenMegårdskolltunnelen
Mehamn lufthavnMehamn lufthavn
Meheia riflebanerMeheia riflebaner
Mekvik maskin as - anlegg for pukkverkMekvik maskin as - anlegg for pukkverk
Meland riflebanerMeland riflebaner
Melbygruva pukkverkMelbygruva pukkverk
Mellomlager tørr biorest - ecoproMellomlager tørr biorest - ecopro
Mellomlagring asfaltMellomlagring asfalt
Mellomlagring av masserMellomlagring av masser
Melsgjerdet brannøvingsfeltMelsgjerdet brannøvingsfelt
Meråker kjøtt asMeråker kjøtt as
Metallco aluminium asMetallco aluminium as
Metallco nmf as - hunndalenMetallco nmf as - hunndalen
Metallco oppland as avd. valdres - kasserte kjøretøyMetallco oppland as avd. valdres - kasserte kjøretøy
Metallco stene fredrikstad - fragmenteringMetallco stene fredrikstad - fragmentering
Mettevolltunnelen-driftMettevolltunnelen-drift
Mibau stema avd jelsaMibau stema avd jelsa
Microbeads asMicrobeads as
Midlertidig unntak fra forurensingsforskriftens § 26-4Midlertidig unntak fra forurensingsforskriftens § 26-4
Midt-norge slakteri asMidt-norge slakteri as
Miljøbriketter as voldsfjorden industriområdeMiljøbriketter as voldsfjorden industriområde
Miljøteknikk terrateamMiljøteknikk terrateam
Mills avd. drammenMills avd. drammen
Mills avd. fredrikstadMills avd. fredrikstad
Mineral - omya hustadmarmor as avd knarrevikMineral - omya hustadmarmor as avd knarrevik
Mjølfjell og brandset skyte- og øvingsfeltMjølfjell og brandset skyte- og øvingsfelt
Mm follacellMm follacell
Mo i rana lufthavn fagerliaMo i rana lufthavn fagerlia
Mo i rana lufthavn røssvollMo i rana lufthavn røssvoll
Mo industripark asMo industripark as
Moelven pelletsMoelven pellets
Moelven soknabruket - sagbruk og treimpregneringMoelven soknabruket - sagbruk og treimpregnering
Moelven sør-tre  asMoelven sør-tre  as
Moelven trysil asMoelven trysil as
Moelven van severen asMoelven van severen as
Moelven østerdalsbruketMoelven østerdalsbruket
Moi kjøttMoi kjøtt
"Molde lufthavn, årøMolde lufthavn, årø"
Molgas norway as avds kollsnesMolgas norway as avds kollsnes
Mongstad raffineriMongstad raffineri
Morrow industrialization center asMorrow industrialization center as
Mosjøen lufthavn kjærstadMosjøen lufthavn kjærstad
Moss pukkverk - asfaltfabrikkMoss pukkverk - asfaltfabrikk
"Motorsportsenter i leirdalen, nmk lierMotorsportsenter i leirdalen, nmk lier"
Mowi - eggesbønesMowi - eggesbønes
Mowi avd. industri (ryfisk)Mowi avd. industri (ryfisk)
Mowi avd. slakteri herøyMowi avd. slakteri herøy
Mowi feed- forfabrikkMowi feed- forfabrikk
Mowi jøsnøya - lakseslakteri og -foredlingMowi jøsnøya - lakseslakteri og -foredling
Mowi nutrition hjelmelandMowi nutrition hjelmeland
Mt slakt ( tidl reineiernes slakteri)Mt slakt ( tidl reineiernes slakteri)
Multi marine asMulti marine as
Myrbostad bygg og anlegg asMyrbostad bygg og anlegg as
Myre fiskemottak asMyre fiskemottak as
Myre fiskemottak avd. gimsøyMyre fiskemottak avd. gimsøy
Myre saltfish group asMyre saltfish group as
Myrespiten riflebaneMyrespiten riflebane
Mysen bioenergisentralMysen bioenergisentral
Mølle- og siloanlegg for miljøkalk avdeling eydehavnMølle- og siloanlegg for miljøkalk avdeling eydehavn
Møllendal krematoriumMøllendal krematorium
Møre og romsdal fk - remetunnelane fv659Møre og romsdal fk - remetunnelane fv659
Mårnes kvartsittbruddMårnes kvartsittbrudd
Maarud asMaarud as
Naf motorsport kvamNaf motorsport kvam
Naf trafikksenter as i vålerNaf trafikksenter as i våler
Namdalseid riflebanerNamdalseid riflebaner
Nammo raufoss asNammo raufoss as
Namsos lufthavnNamsos lufthavn
Napp sjømatNapp sjømat
Ncc industry as - rådalen asfaltfabrikkNcc industry as - rådalen asfaltfabrikk
Ncc norge - snøsmelteanlegg ved grønlia i osloNcc norge - snøsmelteanlegg ved grønlia i oslo
Ncc roads as hedrum pukkverkNcc roads as hedrum pukkverk
"Ncc roads as, avd. valberg, kragerøNcc roads as, avd. valberg, kragerø"
Nel hydrogen electrolyser as avd. porsgrunnNel hydrogen electrolyser as avd. porsgrunn
Nergård sild asNergård sild as
Nestunnelen e16 oslo - hønefossNestunnelen e16 oslo - hønefoss
Nexans - rognan - kabelfabrikkNexans - rognan - kabelfabrikk
Nexans norway kabelfabrikk halden - landbasertNexans norway kabelfabrikk halden - landbasert
Nidarvoll varmesentral - fjernvarmeanlegg - trondheimNidarvoll varmesentral - fjernvarmeanlegg - trondheim
Nmk melhus bollandsmoenNmk melhus bollandsmoen
Nmk surnadal og rindalNmk surnadal og rindal
Noah solutions langøyaNoah solutions langøya
Nofima as avd. biotepNofima as avd. biotep
Nor tekstil asNor tekstil as
Nor tekstil as avd. bergenNor tekstil as avd. bergen
Nor tekstil as avd. vossNor tekstil as avd. voss
Norbetong as avd grenlandNorbetong as avd grenland
Norcem as avd. bjørntvedtbruddetNorcem as avd. bjørntvedtbruddet
Nord fosen pukkverk asNord fosen pukkverk as
Nord vei & asfalt asfaltverk evenesNord vei & asfalt asfaltverk evenes
"Nordby-, vassum- og smiehagetunnelen raNordby-, vassum- og smiehagetunnelen ra"
"Nordbytunellen, vassum- og smihagentunellenNordbytunellen, vassum- og smihagentunellen"
"Nordfjord kjøtt, loenNordfjord kjøtt, loen"
Nordic electrofuel as (avd. herøya)Nordic electrofuel as (avd. herøya)
"Nordic kingfish fredrikstad as, slakteri øraNordic kingfish fredrikstad as, slakteri øra"
Nordic paperNordic paper
Nordic pharma inc asNordic pharma inc as
Nordic roads asNordic roads as
Nordlaks produkterNordlaks produkter
NordoxNordox
Nordre skage riflebanerNordre skage riflebaner
NorfrakalkNorfrakalk
Norges automobil-forbundNorges automobil-forbund
Norgips norgeNorgips norge
NorkalsittNorkalsitt
Normilk asNormilk as
Norpri ex primaNorpri ex prima
Norrek dypfrys asNorrek dypfrys as
Norscrap karmøy returmetallanleggNorscrap karmøy returmetallanlegg
Norscrap west fragmenteringsanleggNorscrap west fragmenteringsanlegg
Norse metal elverum asNorse metal elverum as
Norsk dyremat avd sirevågNorsk dyremat avd sirevåg
Norsk everit asNorsk everit as
Norsk gjenvinning - behandling av klorparafinvinduer - stjørdalNorsk gjenvinning - behandling av klorparafinvinduer - stjørdal
Norsk gjenvinning as avd. øra - behandling faNorsk gjenvinning as avd. øra - behandling fa
Norsk gjenvinning metall fredrikstad -  fragmenteringNorsk gjenvinning metall fredrikstad -  fragmentering
"Norsk gjenvinning, porsgrunnNorsk gjenvinning, porsgrunn"
Norsk kylling  - kyllingslakterNorsk kylling  - kyllingslakter
"Norsk motorklubb, avd. konsmoNorsk motorklubb, avd. konsmo"
Norsk oljevernforening for operatørselsskap nofoNorsk oljevernforening for operatørselsskap nofo
Norsk senter for offshoreutdanning (nosefo)Norsk senter for offshoreutdanning (nosefo)
Norsk skogsmelasseNorsk skogsmelasse
Norsk spesialolje as avd. bambleNorsk spesialolje as avd. bamble
Norsk stål as avd. hortenNorsk stål as avd. horten
Norske skog saugbrugsNorske skog saugbrugs
Norske skog skognNorske skog skogn
Norterminal floating storageNorterminal floating storage
Nortura avd eggpakkeri håNortura avd eggpakkeri hå
Nortura egersundNortura egersund
Nortura eggprodukter as (tidligere prior)Nortura eggprodukter as (tidligere prior)
Nortura forusNortura forus
Nortura førdeNortura førde
Nortura hærlandNortura hærland
Nortura karasjok as slakteriNortura karasjok as slakteri
Nortura malvikNortura malvik
Nortura målselvNortura målselv
"Nortura rudshøgda, slakteriNortura rudshøgda, slakteri"
Nortura sa avd. golNortura sa avd. gol
Nortura sa steinkjerNortura sa steinkjer
"Nortura sa, avd bjerkaNortura sa, avd bjerka"
Nortura sandeidNortura sandeid
Nortura sarpsborgNortura sarpsborg
Nortura sogndalNortura sogndal
Nortura tynsetNortura tynset
Nortura tønsbergNortura tønsberg
Norum kyllingfjøsNorum kyllingfjøs
Norwegian waste to energy asNorwegian waste to energy as
Not prosess (beising)Not prosess (beising)
Not pulverlakk - galvanoNot pulverlakk - galvano
Not varmforzinkingNot varmforzinking
Nouryon nobel pulp and performance chemicals norwayNouryon nobel pulp and performance chemicals norway
Nova sea asNova sea as
Nsb verkstedanlegg - marienborgNsb verkstedanlegg - marienborg
Nuas technology as - behandling av restråstoff for humant konsumNuas technology as - behandling av restråstoff for humant konsum
"Nuas technology as, botnhamnNuas technology as, botnhamn"
Nussir asaNussir asa
Nutec (tidl. falck nutec og  n. midnor as) - brannøvingsfelt høvringenNutec (tidl. falck nutec og  n. midnor as) - brannøvingsfelt høvringen
Ny lufthavn bodøNy lufthavn bodø
Ny vei på b3 og b4Ny vei på b3 og b4
Nydalen energi  - energisentralNydalen energi  - energisentral
Nye veier as - e18 tvedestrand -arendal- tunnelvaskevann/overvannNye veier as - e18 tvedestrand -arendal- tunnelvaskevann/overvann
Nygårdstunell tunnelvaskevann og anleggsvann store lungegårdsvannNygårdstunell tunnelvaskevann og anleggsvann store lungegårdsvann
Nyhamna prosessanleggNyhamna prosessanlegg
Nyrstar høyangerNyrstar høyanger
"Ny-ålesund, tankanlegg, helikopterNy-ålesund, tankanlegg, helikopter"
Nærøy og vikna fellesvannverkNærøy og vikna fellesvannverk
Nærøysund kraftbetongNærøysund kraftbetong
Nøtterø riflebanerNøtterø riflebaner
O. espedal handelsegartneri - forbrenningsanleggO. espedal handelsegartneri - forbrenningsanlegg
O. kavli asO. kavli as
"Odal grus as,  spigsetbergetOdal grus as,  spigsetberget"
Odda krematoriumOdda krematorium
Odda riflebanerOdda riflebaner
Oddaprodukt asOddaprodukt as
Olav e. fiskerstrandOlav e. fiskerstrand
Olavsvern drivstoffanleggOlavsvern drivstoffanlegg
Ole ringdal a.sOle ringdal a.s
Oma slipp og mekaniske verksted - oljeholdig avløpsvannOma slipp og mekaniske verksted - oljeholdig avløpsvann
Omya hustadmarmor avd. elnesvågenOmya hustadmarmor avd. elnesvågen
Onesubsea avd moss (tidl.aker solutions)Onesubsea avd moss (tidl.aker solutions)
Onesubsea processing asOnesubsea processing as
Oppdal riflebanerOppdal riflebaner
Opsal betong asOpsal betong as
Orkla confectionery & snacks norge as avd. skreiaOrkla confectionery & snacks norge as avd. skreia
"Orkla food norge as, avd strandaOrkla food norge as, avd stranda"
Orkla foods norge as avd toro arnaOrkla foods norge as avd toro arna
"Orkla foods norge as, avd. elverumOrkla foods norge as, avd. elverum"
Orkla foods norge stabburet fredrikstadOrkla foods norge stabburet fredrikstad
Orkla health ocean as avd ballstadOrkla health ocean as avd ballstad
Orkla home & personal care avd produksjon ski  - tidl. lilleborgOrkla home & personal care avd produksjon ski  - tidl. lilleborg
Oshaug metall asOshaug metall as
Oslo universitetssykehus - rikshospitalet varmesentralOslo universitetssykehus - rikshospitalet varmesentral
Osterøy riflebanerOsterøy riflebaner
Ottem resirk asOttem resirk as
Ottersbo - pukkverkOttersbo - pukkverk
Overhalla betongbygg - overhallaOverhalla betongbygg - overhalla
Pcs pulverlakk asPcs pulverlakk as
Peab asfalt - eikefetPeab asfalt - eikefet
Peab asfalt - knarrevikPeab asfalt - knarrevik
Peab asfalt avd jessheim - barntjernmoen - asfaltverkPeab asfalt avd jessheim - barntjernmoen - asfaltverk
Peab asfalt avd jessheim - barntjernmoen - pukkverkPeab asfalt avd jessheim - barntjernmoen - pukkverk
"Peab asfalt norge avd karmøy (tidl.lemminkäinen, swerock og yit)Peab asfalt norge avd karmøy (tidl.lemminkäinen, swerock og yit)"
Pelagia akva ren djupvikPelagia akva ren djupvik
Pelagia avd kalvågPelagia avd kalvåg
Pelagia bodø sildoljefabrikkPelagia bodø sildoljefabrikk
Pelagia egersund seafoodPelagia egersund seafood
Pelagia egersund sildoljefabrikkPelagia egersund sildoljefabrikk
Pelagia hordaforPelagia hordafor
Pelagia hordafor  as avd. averøyPelagia hordafor  as avd. averøy
Pelagia karmsund fiskemelPelagia karmsund fiskemel
Pelagia liavågPelagia liavåg
Pelagia lovundPelagia lovund
Pelagia måløyPelagia måløy
Pelagia måløy sildoljefabrikkPelagia måløy sildoljefabrikk
Pelagia protein (tidl. welcon protein) - rekondisjoneringsanleggetPelagia protein (tidl. welcon protein) - rekondisjoneringsanlegget
Pelagia seljePelagia selje
Pelagia tromsøPelagia tromsø
Pelagia trænaPelagia træna
Peterson energi - forbrenningsanleggPeterson energi - forbrenningsanlegg
Pharma marine asPharma marine as
"Pharmaq, avd. overhallaPharmaq, avd. overhalla"
Planktonic as - produksjon av startfôrPlanktonic as - produksjon av startfôr
Plasman as raufoss industriparkPlasman as raufoss industripark
Polarfeed fiskefôrfabrikkPolarfeed fiskefôrfabrikk
Polish polar station hornsund - avfallsforbrenningPolish polar station hornsund - avfallsforbrenning
Polynt composites norway as avd.produksjonPolynt composites norway as avd.produksjon
Prima proteinPrima protein
Prima seafoodPrima seafood
Profil-lakkering asProfil-lakkering as
Prostneset strandkantdeponiProstneset strandkantdeponi
Protan as avd. lierProtan as avd. lier
Pukkverk - botnhågen steinbrudd - maskin og anleggPukkverk - botnhågen steinbrudd - maskin og anlegg
Pukkverk sandbakken målselv - målselv maskin og transportPukkverk sandbakken målselv - målselv maskin og transport
Puma energy norway asPuma energy norway as
Pundslett landbasePundslett landbase
Punktutslipp fra landbruk - kvitevikvegen 387Punktutslipp fra landbruk - kvitevikvegen 387
Punktutslipp fra landbruk - mosterøyveien 485Punktutslipp fra landbruk - mosterøyveien 485
Punktutslipp fra landbruk - undheimsvegen 630Punktutslipp fra landbruk - undheimsvegen 630
Punktutslipp fra landbruk - vistnesveien 139Punktutslipp fra landbruk - vistnesveien 139
Påslippspunkt for renset vaskevann fra ekeberg- og svartdalstunnelenPåslippspunkt for renset vaskevann fra ekeberg- og svartdalstunnelen
Q-meieriene as avd. gausdalQ-meieriene as avd. gausdal
Q-meieriene avd jæren gårdsmeieriQ-meieriene avd jæren gårdsmeieri
Quartz corp avd. dragQuartz corp avd. drag
RagascoRagasco
Ragn-sells as avd bøvågenRagn-sells as avd bøvågen
Ramsjøen riflebanerRamsjøen riflebaner
Rana gruberRana gruber
Ranheim paper & boardRanheim paper & board
Rasmussen k a  as avd hamarRasmussen k a  as avd hamar
Raufoss aluminium asRaufoss aluminium as
Raufoss næringspark ansRaufoss næringspark ans
Rauma ullvarefabrikkRauma ullvarefabrikk
Re motorsportRe motorsport
ReetecReetec
Reetec  demonstrasjonsanleggReetec  demonstrasjonsanlegg
Refa avd. finnsnes notvaskeriRefa avd. finnsnes notvaskeri
Regionfelt østlandetRegionfelt østlandet
Reinbeitedistrikt 39 - arnøy/kågen (feltslakteanlegg for rein)Reinbeitedistrikt 39 - arnøy/kågen (feltslakteanlegg for rein)
Rekefjord stone - pukkverkRekefjord stone - pukkverk
Relyon nutec norway as avd kristiansandRelyon nutec norway as avd kristiansand
Re-metRe-met
Renseanlegg brulihei- og vollebergtunneleneRenseanlegg brulihei- og vollebergtunnelene
Renseanlegg lindelitunnelenRenseanlegg lindelitunnelen
Renseanlegg mjåvannsheitunnelenRenseanlegg mjåvannsheitunnelen
Renseanlegg søgnetunnelenRenseanlegg søgnetunnelen
Renseanlegg tunneldrift e39 mandal øst til mandal byRenseanlegg tunneldrift e39 mandal øst til mandal by
Renseanlegg tunnelvaskevann rossåstunnelen e39 herdal - røyskårRenseanlegg tunnelvaskevann rossåstunnelen e39 herdal - røyskår
ResitecResitec
Resq - brannslukkingResq - brannslukking
Returkraft asReturkraft as
Revac as linnestadRevac as linnestad
Rewaste as (tidl. residuos peligrosos as)Rewaste as (tidl. residuos peligrosos as)
Rimol miljøpark as - behandlingsanlegg for forurenset masseRimol miljøpark as - behandlingsanlegg for forurenset masse
Ringerike kalkverk -  franzefossRingerike kalkverk -  franzefoss
Ringerikes kornsiloRingerikes kornsilo
Ringknuten pukkverk as - studedalenRingknuten pukkverk as - studedalen
Ringnes bryggeriRingnes bryggeri
Ringnes imsdal - produksjon mineralvannRingnes imsdal - produksjon mineralvann
Ringveg vest liavatnet - utslepp frå tunnelvaskRingveg vest liavatnet - utslepp frå tunnelvask
Risa avd pukkavdeling - skaraberget betonggjenvinningRisa avd pukkavdeling - skaraberget betonggjenvinning
Risavika production asRisavika production as
Rise fire research as - brannøvingsfelt tillerRise fire research as - brannøvingsfelt tiller
RismålheitunnelenRismålheitunnelen
Risnes vannverkRisnes vannverk
Rjukan krematoriumRjukan krematorium
Rockwool mossRockwool moss
Rockwool trondheimRockwool trondheim
Rodeløkka varmesentralRodeløkka varmesentral
Romsdal processing asRomsdal processing as
"Rosholt  vannbehandlingsanlegg, grimstadRosholt  vannbehandlingsanlegg, grimstad"
"Rossmolla brannøvingsfelt, hammerfest brann og redningRossmolla brannøvingsfelt, hammerfest brann og redning"
Rudskogen motorsenterRudskogen motorsenter
"Rv 4 grantunnelen, vaskevannRv 4 grantunnelen, vaskevann"
Rv. 7 rallerud og ørgenvika - breidvatnetRv. 7 rallerud og ørgenvika - breidvatnet
Rv. 7 rallerud og ørgenvika - krøderenRv. 7 rallerud og ørgenvika - krøderen
Rv. 7 rallerud og ørgenvika - langevatnetRv. 7 rallerud og ørgenvika - langevatnet
Rygene-smith & thommesenRygene-smith & thommesen
Røldal riflebanerRøldal riflebaner
Røra fabrikkerRøra fabrikker
Røros elektrisitetsverk a/s (ren røros)Røros elektrisitetsverk a/s (ren røros)
Røros lufthavnRøros lufthavn
Røros slakteri a.lRøros slakteri a.l
Røros tweed asRøros tweed as
Rørosmeieriet asRørosmeieriet as
Rørvik fisk as - fjordgt 9Rørvik fisk as - fjordgt 9
Rørvik lufthavnRørvik lufthavn
Røst lufthavnRøst lufthavn
Røst trandamperi asRøst trandamperi as
Røyrvik riflebanerRøyrvik riflebaner
Røyrvik vannbehandlingsanleggRøyrvik vannbehandlingsanlegg
Raabakken grustakRaabakken grustak
Råvatn militære skytebanerRåvatn militære skytebaner
Råzink - varmforsinkingRåzink - varmforsinking
Safeclean as avd høyangerSafeclean as avd høyanger
Safeclean as avd sløvågSafeclean as avd sløvåg
Safeclean stokke asSafeclean stokke as
Saga boats a.sSaga boats a.s
Saga pearl steinbruddSaga pearl steinbrudd
Sagerud skiskytteranleggSagerud skiskytteranlegg
"Salsus as, kongsvingerSalsus as, kongsvinger"
Salten krematoriumSalten krematorium
Salten n950 - lakseslakteri - sørarnøySalten n950 - lakseslakteri - sørarnøy
Sandefjord lufthavn asSandefjord lufthavn as
Sandmoen brannøvingsfeltSandmoen brannøvingsfelt
Sandnes garn asSandnes garn as
Sandnessjøen lufthavn stokkaSandnessjøen lufthavn stokka
Sandvikodden tankanleggSandvikodden tankanlegg
Sar as avd. hammerfestSar as avd. hammerfest
Sar as treatment risavikaSar as treatment risavika
Sar gismarvikSar gismarvik
Sar tankanlegg norseabase tanangerSar tankanlegg norseabase tananger
Sar treatment avd. averøySar treatment avd. averøy
Sar treatment avd. sandnessjøenSar treatment avd. sandnessjøen
Sar treatment mongstadSar treatment mongstad
Saren energy bio-el asSaren energy bio-el as
Saren energy sarpsborgSaren energy sarpsborg
Sarpsborg krematoriumSarpsborg krematorium
Scanbio bjugn a.sScanbio bjugn a.s
Scanbio lysøysund asScanbio lysøysund as
ScanpoleScanpole
Schlumberger norge avd karmøy (tidl. norbar minerals)Schlumberger norge avd karmøy (tidl. norbar minerals)
SeagardenSeagarden
"Seagarden as, senjahopenSeagarden as, senjahopen"
Seashore industri asSeashore industri as
Seim riflebanerSeim riflebaner
Sekkingstad asSekkingstad as
Seljeli dolomittbruddSeljeli dolomittbrudd
Seljord skytterlagSeljord skytterlag
Seljord vassbehandlingsanleggSeljord vassbehandlingsanlegg
Selvågtunnelen fv653 - tunneldriftSelvågtunnelen fv653 - tunneldrift
"Senja avfall miljø as, avfallsforbrenningsanlegg botnhågenSenja avfall miljø as, avfallsforbrenningsanlegg botnhågen"
Sessvollmoen skyte- og øvingsfeltSessvollmoen skyte- og øvingsfelt
Setermoen skyte- og øvingsfeltSetermoen skyte- og øvingsfelt
Setnesmoen skyte- og øvingsfeltSetnesmoen skyte- og øvingsfelt
"Sibelco nordic as, avd åheimSibelco nordic as, avd åheim"
"Sibelco nordic as, avd. lillesandSibelco nordic as, avd. lillesand"
Sibelco nordic avd. stjernøyaSibelco nordic avd. stjernøya
Sikveland og jolifjell skyte-og øvingsfeltSikveland og jolifjell skyte-og øvingsfelt
Sildeslakteriet på uthaug - grøntvedt pelagic asSildeslakteriet på uthaug - grøntvedt pelagic as
Silva green fuel daSilva green fuel da
Silver seafood asSilver seafood as
"Simanes, lakseslakteriSimanes, lakseslakteri"
Simas festingdalen - behandling av klorparafinhaldige vinduSimas festingdalen - behandling av klorparafinhaldige vindu
Sirkel materialgjenvinning - øra - sorteringsanlegg og  rene brenslerSirkel materialgjenvinning - øra - sorteringsanlegg og  rene brensler
Sivilforsvarets kompetansesenter starumSivilforsvarets kompetansesenter starum
Sjøla asfaltverkSjøla asfaltverk
Skaga processing  asSkaga processing  as
Skaland graphite - tunellvannsutslipp (trælen)Skaland graphite - tunellvannsutslipp (trælen)
Skaland graphite asSkaland graphite as
Skallist steinbruddSkallist steinbrudd
Skarsmoen elg- og lerduebaneSkarsmoen elg- og lerduebane
Skarvbergtunnelen e69 (driftsfasen)Skarvbergtunnelen e69 (driftsfasen)
Skien krematoriumSkien krematorium
Skien lufthavn asSkien lufthavn as
Skiskytterbane på solliSkiskytterbane på solli
Skogstad transportSkogstad transport
Skorva leirduebaneSkorva leirduebane
"Skretting fôrfabrikk, averøySkretting fôrfabrikk, averøy"
"Skretting fôrfabrikk, stavangerSkretting fôrfabrikk, stavanger"
"Skretting fôrfabrikk, stokmarknesSkretting fôrfabrikk, stokmarknes"
Skytebane a10 sanering del 1Skytebane a10 sanering del 1
Skåbu riflebanerSkåbu riflebaner
Slakteriet - lakseslakteri florøSlakteriet - lakseslakteri florø
Slakteriet brekke - lakseslakteri instefjordSlakteriet brekke - lakseslakteri instefjord
Slakthuset eidsmo dullum - melhusSlakthuset eidsmo dullum - melhus
Slakthuset eidsmo dullum - oppdalSlakthuset eidsmo dullum - oppdal
Slettrønningen riflebanerSlettrønningen riflebaner
Sma mineralSma mineral
Smaken av grimstadSmaken av grimstad
Smestadtunellen i oslo (vaskevann)Smestadtunellen i oslo (vaskevann)
Smith stål - slyngrensning og primingSmith stål - slyngrensning og priming
Smith stål holmestrandSmith stål holmestrand
Smith stål vest asSmith stål vest as
Smurfit westrock norgeSmurfit westrock norge
Smådyrkrematoriet asSmådyrkrematoriet as
Snsk isfjord radioSnsk isfjord radio
Solum pukkverk - massedisponeringSolum pukkverk - massedisponering
"Solør bioenergi as, avd. energiSolør bioenergi as, avd. energi"
"Solør bioenergi as, avd. gjenvinningSolør bioenergi as, avd. gjenvinning"
"Solør bioenergi as, avd. grødalandSolør bioenergi as, avd. grødaland"
Solør bioenergi enhet kirkenær - backupanlegg rene brenslerSolør bioenergi enhet kirkenær - backupanlegg rene brensler
Solør bioenergi utility solutions asSolør bioenergi utility solutions as
Sommersettunellen - drens-/vaskevannSommersettunellen - drens-/vaskevann
Songdalen elg- og lerduebanerSongdalen elg- og lerduebaner
Sorteringsanlegg - sutterø - isak d. westgaard asSorteringsanlegg - sutterø - isak d. westgaard as
Sorteringsanlegg - trondheim - norsk gjenvinningSorteringsanlegg - trondheim - norsk gjenvinning
Sotra fiskeindustri asSotra fiskeindustri as
Speira holmestrandSpeira holmestrand
Speira karmøy rolling millSpeira karmøy rolling mill
Speira recycling services raudsandSpeira recycling services raudsand
Speira recycling services rødSpeira recycling services rød
Spenncon rail asSpenncon rail as
Stakskaret brannøvingsfeltStakskaret brannøvingsfelt
Stalsberghagen krematoriumStalsberghagen krematorium
Standal knuseverk asStandal knuseverk as
Stangeland maskin nordre kalbergStangeland maskin nordre kalberg
Statens vegvesen sør-trøndelagStatens vegvesen sør-trøndelag
"Statens vegvesen, sør-trøndelag vegkontor - e39Statens vegvesen, sør-trøndelag vegkontor - e39"
Statkraft tofte - flisproduksjonStatkraft tofte - flisproduksjon
Statkraft varme - avfallsforbrenningsanlegg heimdalStatkraft varme - avfallsforbrenningsanlegg heimdal
Statnett reservekraftanlegg nyhamnaStatnett reservekraftanlegg nyhamna
Stavanger krematoriumStavanger krematorium
"Stavanger lufthavn, avising og brannøvingStavanger lufthavn, avising og brannøving"
Steen-hansen  asSteen-hansen  as
Steinkjer asfaltverk på lerkehaugSteinkjer asfaltverk på lerkehaug
Steinkjer krematoriumSteinkjer krematorium
Steinkjer pukkverk på lerkehaugSteinkjer pukkverk på lerkehaug
Stella polarisStella polaris
Stemmedalen vasslag - vassverk i aspevikaStemmedalen vasslag - vassverk i aspevika
Stena recycling as avd skienStena recycling as avd skien
Stena recycling avd. stavangerStena recycling avd. stavanger
Stena recycling decom asStena recycling decom as
Steni asSteni as
Stenqvist  avd. flexoStenqvist  avd. flexo
Stensaas reinsdyrslakteri a.sStensaas reinsdyrslakteri a.s
Stokmarknes lufthavn skagenStokmarknes lufthavn skagen
Storbjørkåsen grustakStorbjørkåsen grustak
"Stord lufthamn, sørstokkenStord lufthamn, sørstokken"
Store norske (snsg) gruve 7 adventdalenStore norske (snsg) gruve 7 adventdalen
Storvask avd. agdenesStorvask avd. agdenes
Storvikskartunnelen - driftsfaseStorvikskartunnelen - driftsfase
Strand unikorn as avd. hadelandStrand unikorn as avd. hadeland
Strandebarm vassbehandlingsanleggStrandebarm vassbehandlingsanlegg
StureterminalenStureterminalen
Støla riflebanerStøla riflebaner
Stålaker steinbruddStålaker steinbrudd
Sum hesjedalen - behandling av klorparafinhaldige vinduSum hesjedalen - behandling av klorparafinhaldige vindu
Svalbard bryggeriSvalbard bryggeri
Svalbard energi longyearbyen energiverkSvalbard energi longyearbyen energiverk
Svalbard huskySvalbard husky
Svalbard lufthavn asSvalbard lufthavn as
Svarvamoen skytebaneSvarvamoen skytebane
Svene pukkverkSvene pukkverk
SvindlandSvindland
Svolvær lufthavn helleSvolvær lufthavn helle
"Swerock as, ullsfjordSwerock as, ullsfjord"
SydvarangerSydvaranger
Synnøve finden alvdalSynnøve finden alvdal
Synnøve finden hardangerSynnøve finden hardanger
Synnøve finden namsosSynnøve finden namsos
Sætra lerduebaneSætra lerduebane
Sørkjosen lufthavnSørkjosen lufthavn
Sørlandschips asSørlandschips as
Sørreisa kommune brannøvingsfelt øyjordnesSørreisa kommune brannøvingsfelt øyjordnes
T holand maskinT holand maskin
Tafjord kraftvarme avd produksjonTafjord kraftvarme avd produksjon
Talgø møre tre asTalgø møre tre as
Tangenvika jernbanebruTangenvika jernbanebru
Tank og trailervask as - vaskeanlegg heistadTank og trailervask as - vaskeanlegg heistad
Tankanlegg longyearbyenTankanlegg longyearbyen
Teamtec- testanlegg marin avfallsforbrenningsovnTeamtec- testanlegg marin avfallsforbrenningsovn
Telemark kildevann asTelemark kildevann as
Thermokraft as -  varmesentral -  biobrensel og returtrevirke rt-flisThermokraft as -  varmesentral -  biobrensel og returtrevirke rt-flis
Thorleif gunnar mingeThorleif gunnar minge
Tine avd. jærenTine avd. jæren
Tine meieri avd. tanaTine meieri avd. tana
Tine meieriet  ørstaTine meieriet  ørsta
Tine meieriet altaTine meieriet alta
Tine meieriet bergen espehaugenTine meieriet bergen espehaugen
Tine meieriet brumunddalTine meieriet brumunddal
Tine meieriet dovreTine meieriet dovre
Tine meieriet elnesvågenTine meieriet elnesvågen
Tine meieriet harstadTine meieriet harstad
Tine meieriet haukeliTine meieriet haukeli
Tine meieriet lom & skjåk -  ysteriTine meieriet lom & skjåk -  ysteri
Tine meieriet osloTine meieriet oslo
Tine meieriet storsteinnesTine meieriet storsteinnes
Tine meieriet sør - setesdalTine meieriet sør - setesdal
Tine meieriet tresfjordTine meieriet tresfjord
Tine meieriet trysilTine meieriet trysil
"Tine meieriet vest ba, avd.byrkjeloTine meieriet vest ba, avd.byrkjelo"
"Tine meieriet vest ba, vikTine meieriet vest ba, vik"
"Tine nord-norge, sømnaTine nord-norge, sømna"
Tine sa  avd. ålesundTine sa  avd. ålesund
Tine sa avd. frya (tine meieriet frya)Tine sa avd. frya (tine meieriet frya)
Tine sa avd. sandnessjøenTine sa avd. sandnessjøen
Tine sa avd. tretten (tine meieriet tretten)Tine sa avd. tretten (tine meieriet tretten)
Tine sa avd. verdalTine sa avd. verdal
Tine selbuTine selbu
Tine tungaTine tunga
Titania asTitania as
Tjeldbergodden metanolfabrikkTjeldbergodden metanolfabrikk
Toten kålrotpakkeri asToten kålrotpakkeri as
Totengrønt asTotengrønt as
Tovikåsen riflebanerTovikåsen riflebaner
Tpi norway asTpi norway as
Triplenine vedde asTriplenine vedde as
Tromsø fiskeindustriTromsø fiskeindustri
Tromsø krematoriumTromsø krematorium
Tromsø lufthavnTromsø lufthavn
Trondheim lufthavn værnesTrondheim lufthavn værnes
Trondheim slaktehus asTrondheim slaktehus as
Trongstadlia kraftverk - åfjordTrongstadlia kraftverk - åfjord
"Trust arcticugol barentsburg, kraftverk og gruvevirksomhetTrust arcticugol barentsburg, kraftverk og gruvevirksomhet"
Trygve brovold asTrygve brovold as
Trøstakermoen riflebaneTrøstakermoen riflebane
Tschudi arctic transitTschudi arctic transit
Tschudi arctic transitTschudi arctic transit
Tunnel hauge-lonevågTunnel hauge-lonevåg
Tunnelarbeider ryssdalen - herfjordenTunnelarbeider ryssdalen - herfjorden
Tvedalen vest steinindustriområdeTvedalen vest steinindustriområde
Tverrøya brannøvingsplassTverrøya brannøvingsplass
Tydal motorsportklubb (mk)Tydal motorsportklubb (mk)
Tysnes industri asTysnes industri as
Tysværvåg vassverkTysværvåg vassverk
Tåsentunnelen (tunellvaskevann)Tåsentunnelen (tunellvaskevann)
Ulefos jernværk asUlefos jernværk as
Ullensvang riflebaneUllensvang riflebane
Ulvan - lakseslakteri og fiskeforedling - måsøval harvest asUlvan - lakseslakteri og fiskeforedling - måsøval harvest as
Ulvedalen riflebanerUlvedalen riflebaner
Umoe mandal asUmoe mandal as
Umoe schat-harding asUmoe schat-harding as
Unger fabrikker asUnger fabrikker as
Unicon as avd larvikUnicon as avd larvik
Uthaug grøntvedt nutri - biprodukter - ørlandUthaug grøntvedt nutri - biprodukter - ørland
Utlsipp av gråvannUtlsipp av gråvann
Utslipp av borevann og vaskevann fra ramshåmmårtunnelenUtslipp av borevann og vaskevann fra ramshåmmårtunnelen
Utslipp av renset tunnelvaskevann og overvann - busskulvertUtslipp av renset tunnelvaskevann og overvann - busskulvert
Utslipp av tunnelvaskevann ranheim-værnesUtslipp av tunnelvaskevann ranheim-værnes
Utslipp driftsvann butunnelenUtslipp driftsvann butunnelen
Utslipp driftsvann vallaviktunnelenUtslipp driftsvann vallaviktunnelen
Utslipp fra rehabilitering og vask av frøyatunnelenUtslipp fra rehabilitering og vask av frøyatunnelen
Utslipp fra tunnel soknedalUtslipp fra tunnel soknedal
Utslipp fra tunnelarbeider og vask til berfjordenUtslipp fra tunnelarbeider og vask til berfjorden
Utslipp fra tunnelarbeider snilldal-bergUtslipp fra tunnelarbeider snilldal-berg
Utslipp fra tunneldriving og vaskevann kvithammer-åsenUtslipp fra tunneldriving og vaskevann kvithammer-åsen
Utslipp fra tunnelvirksomhet fv 714 snilldalsæter-bergUtslipp fra tunnelvirksomhet fv 714 snilldalsæter-berg
Utslipp fra vaskevann i driftsfase - lyderhorntunnelenUtslipp fra vaskevann i driftsfase - lyderhorntunnelen
Utslipp fra veganlegg - tunnel e 39Utslipp fra veganlegg - tunnel e 39
Utslipp fra veganlegg hellfjord-sumstadUtslipp fra veganlegg hellfjord-sumstad
Utslipp overvann fra ferdig vei trondheim - melhusUtslipp overvann fra ferdig vei trondheim - melhus
Utslipp tunneldriving og vaskevann fv 714Utslipp tunneldriving og vaskevann fv 714
Utslipp vaskevann strømsnes- og holviktunnelenUtslipp vaskevann strømsnes- og holviktunnelen
"Utslippspunkt for spylevann fra drikkevannsledning, arnaUtslippspunkt for spylevann fra drikkevannsledning, arna"
Vadsø lufthavnVadsø lufthavn
Vafos pulpVafos pulp
Vajda-papir scandinaviaVajda-papir scandinavia
Vaksdal vassverkVaksdal vassverk
Vang gård per odd gjestvangVang gård per odd gjestvang
Vannfabrikk på austad - ose water asVannfabrikk på austad - ose water as
Vardø lufthavnVardø lufthavn
Varmesentral breivikaVarmesentral breivika
Varpet riflebanerVarpet riflebaner
"Vartdal gjenvinning, vartdal - behandling metall og ee-avfallVartdal gjenvinning, vartdal - behandling metall og ee-avfall"
Vartdal riflebanerVartdal riflebaner
Vask av offshoreutstyr - kca deutag mongstadVask av offshoreutstyr - kca deutag mongstad
Vask av offshoreutstyr - psw group as avd. mongstadVask av offshoreutstyr - psw group as avd. mongstad
Vask av offshoreutstyr - tuboscope norge as avd. mongstadVask av offshoreutstyr - tuboscope norge as avd. mongstad
Vask av offshoreutstyr - wellconnection norway avd. mongstadVask av offshoreutstyr - wellconnection norway avd. mongstad
Vask av offshoreutstyr - wergeland eigendom asVask av offshoreutstyr - wergeland eigendom as
Vasstranda vannbehandlingsanleggVasstranda vannbehandlingsanlegg
VasøyaVasøya
Vega grus asVega grus as
"Veidekke  as, freste pukkverkVeidekke  as, freste pukkverk"
Veidekke - bergmoen - pukkverkVeidekke - bergmoen - pukkverk
Veidekke asfaltverk gardemoenVeidekke asfaltverk gardemoen
Veidekke industri as - førde asfaltfabrikkVeidekke industri as - førde asfaltfabrikk
Veidekke industri as avd kristiansundVeidekke industri as avd kristiansund
Veidekke industri as avd mosjøen - asfaltVeidekke industri as avd mosjøen - asfalt
Veidekke industri as avd sortland - asfaltVeidekke industri as avd sortland - asfalt
Veidekke industri as kristiansund - pukkverkVeidekke industri as kristiansund - pukkverk
"Veidekke industri, stasjonært asfaltverk på sørliVeidekke industri, stasjonært asfaltverk på sørli"
Veistein as avd. taranrød pukkverkVeistein as avd. taranrød pukkverk
Velde asfalt as - eideVelde asfalt as - eide
Velde betong - ferdigbetongproduksjonVelde betong - ferdigbetongproduksjon
Velde industriVelde industri
Velde miljøVelde miljø
Velde produksjonVelde produksjon
Velde produksjon as - asfaltverk lindesnesVelde produksjon as - asfaltverk lindesnes
Velde produksjon avd. forusVelde produksjon avd. forus
Velde produksjon gismarvikVelde produksjon gismarvik
Velde pukk - pukkverkVelde pukk - pukkverk
Verdal kornsiloVerdal kornsilo
VerdalskalkVerdalskalk
Verdalskalk tromsdalen kalksteinsbruddVerdalskalk tromsdalen kalksteinsbrudd
Veset pukkverk - totalknusingVeset pukkverk - totalknusing
Vest-agder-museet iks - a.s sjølingstad uldvarefabrikVest-agder-museet iks - a.s sjølingstad uldvarefabrik
Vestfold krematorium iksVestfold krematorium iks
Vestfold trafo energi asVestfold trafo energi as
Vestfold vann iks avd. seierstad vannbehandlingsanleggVestfold vann iks avd. seierstad vannbehandlingsanlegg
Vestkorn millingVestkorn milling
Vestland base asVestland base as
Vevjeåsen nord steinbruddVevjeåsen nord steinbrudd
Vianode herøyaVianode herøya
"Vik ørsta as, avd vikVik ørsta as, avd vik"
Vik ørsta avdeling ørstaVik ørsta avdeling ørsta
Vikenco asVikenco as
Viking fjord fiskeforedlingViking fjord fiskeforedling
"Viking norsafe life-saving equipment norway  as, avd. aklandViking norsafe life-saving equipment norway  as, avd. akland"
"Viking norsafe life-saving equipment norway  as, avd. rørendalViking norsafe life-saving equipment norway  as, avd. rørendal"
"Viking norsafe life-saving equipment norway  as, avd.færvikViking norsafe life-saving equipment norway  as, avd.færvik"
Vikomar asVikomar as
Vindin vassverk a.lVindin vassverk a.l
Vipo - tidl. trelleborg offshore norway -drammenVipo - tidl. trelleborg offshore norway -drammen
Visnes kalk og marmorbrudd asVisnes kalk og marmorbrudd as
Vistin pharma avd. fikkjebakkeVistin pharma avd. fikkjebakke
Vital rørvik asVital rørvik as
Vital seafood as i strandaVital seafood as i stranda
Voss vannfabrikkVoss vannfabrikk
Vow green metals follumVow green metals follum
Vpk packaging avd bergVpk packaging avd berg
Våler vannverk - rusviktjern drikkevannsrenseanleggVåler vannverk - rusviktjern drikkevannsrenseanlegg
VålerengtunnelenVålerengtunnelen
Wacker chemicals norwayWacker chemicals norway
Washington millsWashington mills
WatvedtWatvedt
Weber leca trondheimWeber leca trondheim
"Wergeland-halsvik, sløvåg behandlingsanleggWergeland-halsvik, sløvåg behandlingsanlegg"
Ws computing - datasenter 1 - gromstulWs computing - datasenter 1 - gromstul
Waagård skytebanerWaagård skytebaner
Yara glomfjordYara glomfjord
Yara international porsgrunnYara international porsgrunn
Yara porsgrunnYara porsgrunn
Ytre nordmøre slakteriYtre nordmøre slakteri
Ytterøykylling as avd. muleYtterøykylling as avd. mule
Ytterøykylling as avd. ytterøyYtterøykylling as avd. ytterøy
Zinken asZinken as
Zirq cables as linnestadZirq cables as linnestad
Zymtech life science asZymtech life science as
Øijord og aanes - behandlingsanlegg for si-mn - rana industriparkØijord og aanes - behandlingsanlegg for si-mn - rana industripark
Ølen betong kvitsøyØlen betong kvitsøy
Øre vilt saØre vilt sa
Ørland brannøvingsfeltØrland brannøvingsfelt
Ørland flystasjonØrland flystasjon
Ørland kampflybaseØrland kampflybase
Ørskog transformatorstasjon - statnettØrskog transformatorstasjon - statnett
"Østfold energi, rakkestadanleggetØstfold energi, rakkestadanlegget"
Østlandsjord - pukkverksdriftØstlandsjord - pukkverksdrift
Øyane asvo asØyane asvo as
Aak steinbruddAak steinbrudd
Ålerudmyra riflebaneÅlerudmyra riflebane
Ålesund krematoriumÅlesund krematorium
"Ålesund lufthavn, vigraÅlesund lufthavn, vigra"
Ålesund riflebanerÅlesund riflebaner
Aaltvedt betong asAaltvedt betong as
Åndalen pukkverkÅndalen pukkverk
Årabrot brannøvningsplassÅrabrot brannøvningsplass
Årnes vannverkÅrnes vannverk
Aas mek. verksted asAas mek. verksted as
Aass bryggeri - drammenAass bryggeri - drammen
Åstunnelen - utslipp fra anleggsaktivitet og fra ferdig veiÅstunnelen - utslipp fra anleggsaktivitet og fra ferdig vei
